{"cameraMode":{"drawMode":0,"name":"Shaded","section":"Shading Mode"},"sceneLighting":false,"audioPlay":false,"sceneViewState":{"m_AlwaysRefresh":false,"showFog":true,"showSkybox":false,"showFlares":true,"showImageEffects":true,"showParticleSystems":true,"showVisualEffectGraphs":true,"m_FxEnabled":true},"in2DMode":false,"pivot":{"x":-1.9109278917312623,"y":3.7230329513549806,"z":2.0428853034973146},"rotation":{"x":-0.13652421534061433,"y":-0.6857346296310425,"z":0.1333257257938385,"w":-0.7024153470993042},"size":0.48801302909851076,"orthographic":false}