{"cameraMode":{"drawMode":0,"name":"Shaded","section":"Shading Mode"},"sceneLighting":false,"audioPlay":false,"sceneViewState":{"m_AlwaysRefresh":false,"showFog":true,"showSkybox":false,"showFlares":true,"showImageEffects":true,"showParticleSystems":true,"showVisualEffectGraphs":true,"m_FxEnabled":true},"in2DMode":false,"pivot":{"x":5.670000076293945,"y":1.7949999570846558,"z":1.5800000429153443},"rotation":{"x":0.016413327306509019,"y":-0.9750580787658691,"z":0.20754331350326539,"w":0.07745754718780518},"size":0.879218339920044,"orthographic":false}