{"cameraMode":{"drawMode":0,"name":"Shaded","section":"Shading Mode"},"sceneLighting":true,"audioPlay":false,"sceneViewState":{"m_AlwaysRefresh":false,"showFog":true,"showSkybox":true,"showFlares":true,"showImageEffects":true,"showParticleSystems":true,"showVisualEffectGraphs":true,"m_FxEnabled":true},"in2DMode":false,"pivot":{"x":594.9855346679688,"y":502.49365234375,"z":-742.719970703125},"rotation":{"x":0.06894411891698837,"y":0.004488604608923197,"z":-0.0003097612352576107,"w":0.9976127743721008},"size":0.8660253882408142,"orthographic":false}