{"cameraMode":{"drawMode":0,"name":"Shaded","section":"Shading Mode"},"sceneLighting":false,"audioPlay":false,"sceneViewState":{"m_AlwaysRefresh":false,"showFog":true,"showSkybox":false,"showFlares":true,"showImageEffects":true,"showParticleSystems":true,"showVisualEffectGraphs":true,"m_FxEnabled":true},"in2DMode":false,"pivot":{"x":0.6414059400558472,"y":0.035291314125061038,"z":0.0025845468044281008},"rotation":{"x":0.019073601812124254,"y":-0.7712868452072144,"z":-0.023149795830249788,"w":-0.6358047127723694},"size":1.0885285139083863,"orthographic":false}