{"cameraMode":{"drawMode":0,"name":"Shaded","section":"Shading Mode"},"sceneLighting":false,"audioPlay":false,"sceneViewState":{"m_AlwaysRefresh":false,"showFog":true,"showSkybox":false,"showFlares":true,"showImageEffects":true,"showParticleSystems":true,"showVisualEffectGraphs":true,"m_FxEnabled":true},"in2DMode":false,"pivot":{"x":0.12775146961212159,"y":0.2984877824783325,"z":-0.17906048893928529},"rotation":{"x":-0.13652421534061433,"y":-0.6857346296310425,"z":0.1333257257938385,"w":-0.7024153470993042},"size":0.9054266214370728,"orthographic":false}